Name of Program,Place,University,When,Language,Duration,Credits,Fee,Registration deadline,Course leader,Target group,Course aim,Fee info,Scholarships,Credits info
Intelligence artificielle et apprentissage de la machine: théorie et pratique,"Oxford, Royaume-Uni","Lady Margaret Hall, Université d'Oxford",24 juin 2024-12 juillet 2024,changements climatiques,3 semaines,7.5 CE,3 980 livres sterling,10 mai 2024,,"Ce cours serait adapté aux étudiants STEM dans les études de premier cycle ou de premier niveau de troisième cycle. Connaissance de base de calcul et d'algèbre linéaire est nécessaire, et une certaine expérience de codage est recommandée. Expérience préalable de l'intelligence artificielle, l'apprentissage automatique, ou le langage de programmation Python n'est pas nécessaire.","À la fin de ce cours, vous allez : - comprendre les concepts théoriques de l'intelligence artificielle et de l'apprentissage machine. - savoir comment l'intelligence artificielle de base et les outils d'apprentissage machine sont utilisés dans la pratique. - savoir mettre en œuvre des algorithmes de base et former de petits réseaux pour des problèmes pratiques. - être capable d'identifier et d'utiliser l'intelligence artificielle pertinente et les outils d'apprentissage machine dans la recherche. - savoir mettre en œuvre et déployer des algorithmes d'intelligence artificielle et d'apprentissage machine sur Google Cloud.","GBP 3980: Ce montant comprend: - Tous les frais de scolarité, y compris les conférences, séminaires et didacticiels. - Évaluation, transcription des performances académiques, et certificat. - Un programme co-curriculaire d'ateliers de compétences et de conférenciers invités. - Accès à la bibliothèque du Collège Lady Margaret Hall. - Logements de chambre tout au long de votre programme. - Déjeuner et dîner dans la salle à manger du Collège du lundi au vendredi. - Un programme social et culturel complet, comprenant deux excursions dans d'autres villes anglaises par session de programme de trois semaines. - Une photographie de classe imprimée de haute qualité. - Un banquet officiel de graduation.",,"7.5 Les programmes d'été EC LMH sont conçus pour être éligibles au crédit, et nous recommandons l'attribution de 7.5 ECTS / 4 US / 15 CATS pour ce cours."
Intelligence artificielle et gouvernance mondiale,"Bruxelles, Belgique",Institut de gouvernance mondiale,28 mai 2024 - 1er juin 2024,changements climatiques,1 semaine,,1 500 EUR,1er mai 2024,"Prof. Dr. Medlir Mema, Brigham Young University Idaho, États-Unis, Chef du programme AI & Global Governance à GGI Bruxelles, et hôte du Podcast ""IR à l'ère de l'IA""","Ce cours s'adresse aux professionnels de l'élaboration des politiques, des relations internationales, de la gestion de la technologie et à tous ceux qui souhaitent comprendre les implications de l'IA sur la gouvernance mondiale, y compris les responsables gouvernementaux, les diplomates, les conseillers en politiques, les entrepreneurs technologiques, les chercheurs et les étudiants dans les domaines pertinents. Il convient également à ceux qui sont désireux de comprendre comment l'IA peut être utilisée pour résoudre des problèmes complexes dans la gouvernance mondiale.","L'objectif premier de ce cours est de fournir aux participants les connaissances et les compétences nécessaires pour naviguer dans le paysage complexe de l'IA dans la gouvernance mondiale. Il met l'accent sur les défis et les possibilités que l'IA présente pour les cadres réglementaires nationaux et internationaux, la sécurité internationale, le droit et la diplomatie, ainsi que sur la nécessité de se prémunir contre les préjugés et de promouvoir l'inclusion, la diversité et l'équité.Lorsqu'elle continue d'évoluer, l'IA remodele la dynamique du pouvoir, la coopération et les conflits entre les nations et à l'intérieur de celles-ci.Cette transformation mène à une nouvelle ère où les technologies axées sur l'IA jouent un rôle central dans les processus décisionnels.","1500 EUR: AI&GG à Bruxelles – Le tarif comprend l'accès à toutes les sessions, le matériel d'apprentissage et un accès de 3 mois à la plateforme d'apprentissage numérique, le déjeuner, le café et les rafraîchissements tout au long de l'école d'été, ainsi que le dîner de bienvenue, la réception de remise des diplômes et les activités sociales à Bruxelles. 1200 EUR: Le tarif comprend l'accès à toutes les sessions, le matériel d'apprentissage et un accès de 3 mois à la plateforme d'apprentissage numérique.",,
Deep Learning: Fondements et applications,"St. Gallen, Suisse",GSERM - École mondiale des méthodes de recherche empirique,10 juin 2024-14 juin 2024,changements climatiques,1 semaine,4 CE,CHF 1100.00,30 avril 2024,Damian Borth & Korbinian Riedhammer,Doctorat postdoctoral professionnel,,CHF 1100: Doctorat CHF 2000: Postdoc.,,
7e cours avancé sur la science des données et l'apprentissage automatique - ACDL 2024,"Toscane, Italie",Centre interdisciplinaire d'études supérieures,10 juin 2024-14 juin 2024,changements climatiques,1 semaine,8 CE,580 EUR,23 mai 2024,"Directeurs Giuseppe Nicosie, Université de Catane, Italie Panos Pardalos, Université de Floride, États-Unis","Le cours offre un environnement stimulant aux doctorants, aux jeunes universitaires, aux chercheurs en début de carrière, aux postdoctorants et aux leaders de l'industrie. Les participants auront également la chance de présenter leurs résultats avec des discussions et d'interagir avec leurs collègues dans un environnement convivial et productif.","ACDL 2024 Les conférences seront données par des experts de renommée mondiale dans le domaine, tant du milieu universitaire que de l'industrie, et couvriront à la fois les aspects théoriques et pratiques de l'IA, Machine/Deep Learning, Generative AI, et Data Science. Points ECTS Le cours comprendra un total de 36-40 heures de conférences, selon le système académique, la réalisation finale sera équivalente à 8 points ECTS pour les étudiants doctorants (et certains étudiants maîtres fortement motivés) participant au cours; pendant le cours, les étudiants doctorants aborderont les travaux à domicile/projets.","EUR 580: Frais d'inscription anticipé (d'ici le 23 mai 2024): € 580 Les frais d'inscription couvrent: toutes les sessions de cours, présentations orales, didacticiels, PayPal/Service bancaire, TVA, toutes les activités scientifiques. EUR 630: Frais d'inscription tardifs (à partir du 24 mai 2024): € 630 Les frais d'inscription couvrent: toutes les sessions de cours, présentations orales, didacticiels, PayPal/Service bancaire, TVA, toutes les activités scientifiques.",Pas de bourses.,"8 doctorants d'EC, postdoctorants, professionnels de l'industrie, étudiants juniors, et seront des profils typiques des accompagnateurs d'ACDL. Le cours comprendra un total de 36-40 heures de cours, selon le système académique, la réalisation finale sera équivalente à 8 points ECTS pour les doctorants (et certains étudiants-maîtrise fortement motivés) participant au cours. À la fin du cours, un certificat officiel sera délivré indiquant les 8 points ECTS."
Intelligence artificielle et apprentissage automatique,"Birmingham, Royaume-Uni",École internationale d'été de l'Université de Birmingham City,15 juillet 2024 - 2 août 2024,changements climatiques,3 semaines,,2 300 livres sterling,31 mai 2024,,,"Ce cours offre une expérience d'apprentissage pratique intensive en intelligence artificielle (IA) et en apprentissage automatique, intégrant des bases théoriques avec des compétences pratiques. Le programme est conçu pour donner aux participants une compréhension approfondie des fondamentaux de la science des données, des techniques informatiques avancées et des dernières tendances en matière d'IA et d'apprentissage automatique.","GBP 2300: Ce qui est inclus dans votre tarif: Cours académique Hébergement pendant trois semaines Birmingham aéroport pick-up et drop-off Visites culturelles Programme d'événements sociaux International Summer School T-shirt Veuillez noter voyage au Royaume-Uni, les frais de visa et autres frais de voyage et de séjour personnels ne sont pas inclus, par exemple les repas.",aucune,
S'appuyer sur les hallucinations : la linguistique derrière les interactions homme-AI,"Barcelone, Espagne",École internationale d'été de Barcelone,22 juillet 2024 - 26 juillet 2024,changements climatiques,1 semaine,2 CE,150 EUR,17 mai 2024,Martina Wiltschko,"Étudiants de premier cycle (Sophomore, Junior et Senior)",,150 EUR: Frais d'inscription (non remboursable) 550 EUR: Frais d'enseignement (non remboursable),Les étudiants non membres de l'UPF provenant d'universités ayant conclu un partenariat d'échange international avec l'UPF seront exemptés du paiement des 150€ de frais d'inscription non remboursables.,
Science des données et intelligence artificielle (juillet),Londres (Royaume-Uni),École d'été mondiale du Collège Impérial,1er juillet 2024-12 juillet 2024,changements climatiques,2 semaines,,6 600 livres sterling,4 mai 2024,Institut de la science des données,16 - 17,"Vous aurez la chance de porter vos connaissances sur le sujet à un niveau supérieur grâce à un programme académique stimulant qui équilibre les conférences, les séminaires et un niveau élevé de travail pratique. Cela inclut la possibilité d'accéder à des conseils et des conseils professionnels autour de postuler pour des études universitaires au Royaume-Uni, en particulier à Imperial College London.","6 600 GBP : Le coût du programme résidentiel en 2024 couvrira :* - tous les frais de scolarité; - les matériaux de cours, tels que les matériaux de construction, les fournitures de laboratoire et l'équipement de protection; - les masterclasses; - l'utilisation des installations du campus, telles que les salles de sport, les salles de classe et les services de restauration.; - l'hébergement et le Wi-Fi sur place; - trois repas par jour; - les activités d'initiation et d'orientation; - les activités sociales, y compris les voyages à destination et en provenance d'activités; - le certificat de participation à l'achèvement de l'école d'été, délivré par Imperial; - les célébrations finales; - le service de transfert de salles de réunion et de réception à l'aéroport de Heathrow le premier et le dernier jour.",Non disponible.,
Technologies de langage computationnel pour les médiévalistes,Graz (Autriche),Technologies de langage computationnel pour les médiévalistes,8 juillet 2024-12 juillet 2024,changements climatiques,1 semaine,10 CE,,15 mars 2024,,Étudiants au doctorat et postdoctorants,,0 EUR: -,,
Les défis de l'intelligence artificielle,Paris (France),Université d'été de Sorbonne,8 juillet 2024-12 juillet 2024,Français,1 semaine,,EUR 425,18 juin 2024,Sorbonne Summer University Adresse électronique : lettres-ftlv-universite-ete@sorbonne-universite.fr,"Etudiants, touristes ou parisiens curieux! (Un bon niveau de français est requis : B1)","Découvrez les débats en cours dans divers domaines scientifiques, tout en plongeant dans la civilisation française et en étant enseigné par des professeurs de la célèbre Université de Sorbonne.",425 EUR: Inscription avant le 30 avril 500 EUR: Frais complets,Aucune.,Un certificat de cours sera délivré.
AI humain,"Amsterdam, Pays-Bas",VU École d'été d'Amsterdam,8 juillet 2024 - 19 juillet 2024,changements climatiques,2 semaines,3 CE,EUR 1310,1er mai 2024,Jan Treur,"Les étudiants ou les professionnels intéressés à en apprendre plus sur la modélisation et la simulation informatique des processus mentaux, sociaux et liés à la santé. Cela peut concerner les étudiants Ph.D., Master ou Bachelor ou tout autre type d'étudiants intéressés de toute discipline. Aucune programmation ou expérience de modélisation n'est nécessaire.","D'ici la fin du cours, les étudiants pourront : - identifier différents types de processus mentaux, sociaux et liés à la santé - comprendre comment le comportement individuel et social émerge des mécanismes connus des neurosciences cognitives, affectives et sociales, des sciences cognitives et sociales et des sciences de la santé - concevoir des modèles de réseau pour les processus adaptatifs mentaux, sociaux et liés à la santé - effectuer des simulations basées sur ces modèles en utilisant l'environnement logiciel de modélisation orienté vers le réseau fourni",EUR 1310: Frais de scolarité cours de deux semaines VU Étudiants / candidats au doctorat et employés de VU Amsterdam* ou d'un partenaire du réseau Aurora 735 € Les étudiants des universités partenaires de VU Amsterdam 995 € Les étudiants et les candidats au doctorat dans les universités non partenaires de VU Amsterdam 1100 € Les professionnels 1310 € Offre Early Bird Les candidatures reçues avant le 15 mars (14 mars CET 23:59) reçoivent 50 € de réduction Early Bird!,VU Amsterdam Summer School offre deux types de bourses: la Bourse d'Egalité d'Accès et la Bourse de Photographe. Plus d'informations sont disponibles sur le site Internet de VU Amsterdam Summer School.,3 EC 60 heures de contact
Science des données et intelligence artificielle (août),Londres (Royaume-Uni),École d'été mondiale du Collège Impérial,5 août 2024 - 16 août 2024,changements climatiques,2 semaines,,6 600 livres sterling,4 mai 2024,Institut de la science des données,16 - 17,"Vous aurez la chance de porter vos connaissances sur le sujet à un niveau supérieur grâce à un programme académique stimulant qui équilibre les conférences, les séminaires et un niveau élevé de travail pratique. Cela inclut la possibilité d'accéder à des conseils et des conseils professionnels autour de postuler pour des études universitaires au Royaume-Uni, en particulier à Imperial College London.","6 600 GBP : Le coût du programme résidentiel en 2024 couvrira :* - tous les frais de scolarité; - les matériaux de cours, tels que les matériaux de construction, les fournitures de laboratoire et l'équipement de protection; - les masterclasses; - l'utilisation des installations du campus, telles que les salles de sport, les salles de classe et les services de restauration.; - l'hébergement et le Wi-Fi sur place; - trois repas par jour; - les activités d'initiation et d'orientation; - les activités sociales, y compris les voyages à destination et en provenance d'activités; - le certificat de participation à l'achèvement de l'école d'été, délivré par Imperial; - les célébrations finales; - le service de transfert de salles de réunion et de réception à l'aéroport de Heathrow le premier et le dernier jour.",Non disponible.,
Intelligence artificielle appliquée : créer des résultats commerciaux,Prague (République tchèque),École européenne d'été à Prague,5 août 2024 - 16 août 2024,changements climatiques,2 semaines,10 CE,EUR 950,30 juin 2024,Béla P. Sándor Haarlem University of Applied Science (Lecturer and Entrepreneur) Béla est une stratégie d'affaires et conseiller en affaires numériques dont l'objectif principal est de créer des résultats d'affaires en développant des stratégies d'affaires innovantes.,Groupe cible non limité = étudiants moyens sont de jeunes professionnels et étudiants universitaires. Prérequis Niveau intermédiaire d'anglais (au moins B1/B2),Gestion de l'IA • Gestion de l'IA • Gestion de l'IA • Gestion de l'information • Gestion de l'information • Gestion de l'information • Gestion de l'information • Gestion de l'information • Gestion de l'information • Gestion de l'information • Gestion de l'information • Gestion de l'information • Gestion de l'information • Gestion de l'information • Gestion de l'information • Gestion de l'information • Gestion de l'information • Gestion de l'information • Gestion de l'information • Gestion de l'information • Gestion de l'information • Gestion de l'information • Gestion de l'information • Gestion de l'information • Gestion de l'information • Gestion de l'information • Gestion de l'information • Gestion de l'information • Gestion de l'information • Gestion de l'information • Gestion de l'information • Gestion de l'information • Gestion de l'information • Gestion de l'information • Gestion de l'information • Gestion de l'information • Gestion de l'information • Gestion de l'information • Gestion de l'information • Gestion de l'information • Gestion de l'information • Gestion de l'information • Gestion de l'information et de l'information,"EUR 950: Les frais de cours comprennent les frais de demande, le matériel d'étude, l'après-midi/soir d'activités sociales et d'événements pendant la semaine et le barbecue. Les autres frais, tels que les repas, l'hébergement, l'assurance, les frais personnels, les activités supplémentaires (comme les voyages à l'extérieur de la ville pendant le week-end) ne sont pas inclus dans le prix. Veuillez noter que, après le 30 avril 2024, il y aura des frais d'inscription tardifs à la charge de 50EUR en plus du prix du cours. EUR 247: Les frais d'hébergement pour un séjour de 13 nuits à Botic Student House commencent à 18 EUR/nuit pour une chambre double.",,10 EC 5 EC Vous recevrez un certificat de participation officiel à l'issue de votre cours que vous pourrez utiliser pour démontrer les compétences que vous avez acquises pendant le cours et faire accepter les crédits par votre université d'origine.
Créativité et intelligence artificielle - Junior,Madrid (Espagne),Cours d'été d'IED,1er juillet 2024-19 juillet 2024,changements climatiques,3 semaines,10 CE,EUR 1200,30 juin 2024,,"Pour les personnes âgées de 14 à 18 ans avec un esprit curieux et une mentalité entrepreneuriale, qui veulent explorer le monde de l'intelligence artificielle pour améliorer leurs projets et leurs idées.","Votre apprentissage comprendra le développement pratique et la présentation d'un projet pour lequel, en plus de la direction artistique, vous utiliserez un logiciel spécifique pour la vidéo, le son, la photographie ou l'illustration.",1200 EUR: 1200 EUR,,
Intelligence artificielle dans les applications industrielles,"Aix-la-Chapelle, Allemagne",Académie internationale RWTH,23 juin 2024 - 6 juillet 2024,changements climatiques,2 semaines,3 CE,EUR 1400,30 avril 2024,Votre cours court est principalement dirigé par le Laboratoire de Machine Tools et d'Ingénierie de Production (WZL) de l'Université RWTH. Ce programme a également été développé avec notre partenaire de longue date Mitsubishi Electric Germany.,"Chaque année, nous accueillons des étudiants du monde entier. Vous pouvez faire partie de notre communauté étudiante internationale si vous: - avez au moins 18 ans - dans votre Bachelor's, Master's, entre ou récemment diplômé - êtes compétent en langue anglaise Désirable est une connaissance de base dans les domaines suivants: Conférence „Intelligence Artificielle"" (ou preuve objective d'une connaissance équivalente), intérêt pour la programmation basée sur la logique. Compétences Linux sont bénéfiques. Aucun certificat d'anglais est requis. Nos cours sont tous en anglais et donc une connaissance compétente de l'anglais est importante.","Deep Learning, Python et divers sujets liés à l'industrie 4.0 - Comprendre les concepts clés de l'IA tels que l'apprentissage automatique, l'apprentissage profond, le renforcement de l'apprentissage et le traitement des séries chronologiques - Appliquer l'apprentissage supervisé en qualité prédictive - Effectuer l'intégration de l'information dans les réseaux industriels - Évaluer le potentiel des solutions axées sur les données pour les scénarios industriels - Master programming basics in Python - Sélectionner les techniques d'apprentissage automatique appropriées basées sur les données à portée de main","1400 EUR: Frais de scolarité 850 EUR: Avec notre forfait tout compris, nous offrons à nos participants un séjour insouciant dans la charmante ville historique d'Aix-la-Chapelle. Les frais de programme de chaque programme sur le campus comprennent par exemple: - Hébergement (chambre étudiante partagée) - Petit déjeuner et déjeuner en semaine - Un billet de transport en commun local - Programme de soutien élargi - Soutien personnel des mentors locaux - Contact d'urgence - Certificat de l'Université RWTH d'Aix-la-Chapelle Les inscriptions sont ouvertes dès maintenant!",Notre équipe est heureuse d'annoncer que nous décernons chaque année des bourses d'études pour des programmes d'été sélectionnés sur le campus. Consultez notre site Web pour en savoir plus et voir si vous êtes candidat à une bourse d'études.,"3 EC Jetez un coup d'oeil à la charge de travail de nos cours courts : (1 heure = 45 minutes) Programmes de 2 semaines environ 75 heures Programmes de 3 semaines environ 100 heures Veuillez noter : Tous les cours courts sont des programmes à temps plein! En fin de compte, c'est à votre établissement d'attache qu'il appartient de déterminer le nombre de crédits qui peuvent être accordés."
Intelligence artificielle,Madrid (Espagne),École internationale d'été UPM,22 juillet 2024 - 26 juillet 2024,changements climatiques,1 semaine,2 CE,350 EUR,14 avril 2024,María Poveda & Víctor Rodríguez,Étudiants de premier cycle,Fournir aux étudiants des informations sur les applications technologiques en évolution,350 EUR: frais de scolarité,Les étudiants qui s'inscrivent avant le 29 février seront facturés un taux réduit de 315 euros.,
Approches critiques de l'intelligence artificielle et de la société de réseau,"Barcelone, Espagne",École internationale d'été de Barcelone,1er juillet 2024 - 26 juillet 2024,changements climatiques,4 semaines,6 CE,150 EUR,17 mai 2024,Dr Ian Alan Paul,"Étudiants de premier cycle (Sophomore, Junior et Senior)",,150 EUR: Frais d'inscription (non remboursable) 900 EUR: Frais d'enseignement (non remboursable),Les étudiants non membres de l'UPF provenant d'universités ayant conclu un partenariat d'échange international avec l'UPF seront exemptés du paiement des 150€ de frais d'inscription non remboursables.,
Intelligence artificielle dans les banques et les finances,Anglet (France),École d'été de l'Institut d'analyse des affaires,1er juillet 2024 - 10 juillet 2024,changements climatiques,2 semaines,4 CE,EUR 1395,15 avril 2024,Dr. Lee SCHLENKER,Étudiants de classe supérieure et diplômés en commerce et en génie,"Programme d'été L'école d'été BAI de 2023 se concentrera sur la façon dont les sciences des données façonnent les banques et les technologies financières. Le programme pédagogique comprend des séminaires, des ateliers et des témoignages d'experts pour aider les étudiants et les professionnels en gestion à comprendre les possibilités et les défis de développer leur carrière en sciences des données dans cette industrie hautement compétitive.","EUR 1395: Frais de cours Les frais de base de la session sont de 1395 euros pour les frais de classe, 250 euros pour le budget social et 200 euros pour le logement des étudiants de base. EUR 275: Programme social",Des bourses partielles sont offertes aux membres de la communauté BAI,
L'Intelligence Artificielle Une Introduction Pratique,"Coventry, Royaume-Uni",École d'été de l'Université de Warwick,14 juillet 2024-3 août 2024,changements climatiques,3 semaines,10 CE,2 350 livres sterling,31 mai 2024,"Dr Paolo TurriniLink, Charlie Pilgrim","Il n'y a aucune condition préalable à ce cours, cependant les étudiants doivent garder à l'esprit qu'il s'agit en fin de compte d'un cours technique, où les connaissances mathématiques et de programmation seront fournies. Ce cours est ouvert aux étudiants qui étudient n'importe quelle discipline au niveau universitaire. Nous accueillons des personnes de tous horizons, y compris les étudiants qui étudient actuellement une autre matière mais qui veulent élargir leurs connaissances dans une autre discipline.","Le cours sera une étude des développements les plus importants de l'IA dans des contextes multi-agents, en abordant des thèmes tels que la modélisation des adversaires, les jeux avec des informations imparfaites, l'allocation des ressources, la prise de décision collective et les applications du commerce électronique.",GBP 2350: Tarif étudiant (pour tous les étudiants à temps plein dans une université ou un collège dans le monde entier) GBP 3150: Tarif standard,,"10 crédits CE 3-4 (États-Unis) 7,5 points ECTS (UE)"
Intelligence artificielle + Langue et culture croates,Zagreb et Šibenik (Croatie),École internationale d'été d'Algebra,1er juillet 2024 - 27 juillet 2024,changements climatiques,4 semaines,10 CE,2350 EUR,31 mai 2024,"Leo Mršić, Ph.D., est le chef d'entreprise de haut niveau expérimenté, entrepreneur, professeur de collège, professeur adjoint, expert de cour certifié Témoin avec une expertise approfondie dans l'application de la technologie dans différents domaines des affaires et du gouvernement.",Étudiants inscrits dans l'enseignement supérieur âgés de plus de 18 ans.,"D'une manière générale, nous assistons à une amélioration significative des diverses technologies liées à l'influence de l'IAl, ce qui stimule la demande de savoir non seulement comment utiliser et mettre en œuvre ces technologies, mais aussi comprendre les concepts de base de la façon dont les composants sélectionnés fonctionnent réellement.","2350 EUR: En dehors du module principal sélectionné, les frais de scolarité comprennent également: CULTURAL & SOCIAL PROGRAMME musées exquis, visites historiques, excursions sur le terrain CUISINE CROATIENNE: déjeuner en semaine VISITES D'ENTREPRISE ET LOCAUX DE GUEST Transport à destination et en provenance de Šibenik",,
Intelligence climatique,"Como (CO), Italie",École d'été sur l'intelligence climatique,17 juin 2024 - 20 juin 2024,changements climatiques,1 semaine,,300 EUR,4 mars 2024,Andrea Castelletti,,,300 EUR: Les frais couvrent: toutes les conférences; matériel de cours; connexions wi-fi; déjeuners et pauses café; dîner social. Les frais ne couvrent pas l'hébergement et le voyage.,,
Obtenir International @ HFT Stuttgart / Allemagne,Stuttgart (Allemagne),HFT École d'été de Stuttgart 2024,1er août 2024 - 16 août 2024,changements climatiques,3 semaines,2 CE,EUR 990,31 mai 2024,Membres du personnel de la Hochschule für Technik University of Applied Sciences Stuttgart,"Notre école d'été interdisciplinaire accueille tous les étudiants: - étudiants internationaux du monde entier, d'universités partenaires et d'universités non partenaires - étudiants de HFT Stuttgart - étudiants B.A. et M.A. de tous les programmes d'études dans les domaines d'études.",,"EUR 990: - Etudiants d'une université partenaire de HFT Stuttgart: 990€ - Etudiants d'une université qui n'est pas partenaire de HFT Stuttgart: 1.090€ - Etudiants de HFT Stuttgart: 120€ (logement et transports en commun dans la zone de Stuttgart non inclus) Le prix pour les étudiants internationaux (étudiants non-HFT) comprend: - Hébergement dans une chambre individuelle avec salle de bain partagée, y compris le petit déjeuner à l'Hôtel international d'étudiants Stuttgart pour 15 nuits - Cours de langue allemande, atelier de gestion de projet, supervision du travail en groupe et des visites d'entreprise - Programme culturel à Stuttgart et dans les environs, visite de la ville de Stuttgart, deux excursions/journées dans les villes du sud de l'Allemagne (bus, train, visites guidées, frais d'entrée) - Restauration à l'accueil et aux adieux - Transport public à Stuttgart (02.-16.08.) - Frais d'administration du programme","10 bourses de 400€ chacune seront attribuées à des étudiants internationaux des universités partenaires HFT (soyez rapides, parce que ""premier arrivé, premier servi"": Bourses sont accordées dans l'ordre dans lequel les demandes sont reçues)","2 Certificat CE de participation et 2 points de crédit avec participation réussie, aucun classement possible"
Introduction à l'intelligence artificielle,"Utrecht, Pays-Bas",École d'été d'Utrecht,15 juillet 2024 - 19 juillet 2024,changements climatiques,1 semaine,2 CE,740 EUR,15 juin 2024,"Sieuwert van Otterloo, Ph.D.",Il est nécessaire d'avoir une expérience de mathématiques de base (algèbre linéaire) et des compétences en informatique. Le cours comprend des sessions pratiques où les étudiants utiliseront Python et Jupyter portable pour accomplir des tâches. Notez que les étudiants devraient apporter leur propre ordinateur portable.,Le but du cours est de donner aux étudiants ayant une formation en affaires ou en sciences une compréhension de l'intelligence artificielle et de les aider à développer des systèmes d'IA de base.,"EUR 740: Matériel de cours + matériel de cours Si vous êtes étudiant, vous recevrez une remise et payerez un prix de cours de € 590. EUR 250: Frais de logement (facultatif)",,
Intelligence artificielle et apprentissage de la machine: théorie et pratique,"Oxford, Royaume-Uni","Lady Margaret Hall, Université d'Oxford",24 juin 2024-12 juillet 2024,changements climatiques,3 semaines,7.5 CE,1 360 livres sterling,10 juin 2024,,"Ce cours serait adapté aux étudiants STEM dans les études de premier cycle ou de premier niveau de troisième cycle. Connaissance de base de calcul et d'algèbre linéaire est nécessaire, et une certaine expérience de codage est recommandée. Expérience préalable de l'intelligence artificielle, l'apprentissage automatique, ou le langage de programmation Python n'est pas nécessaire.","À la fin de ce cours, vous allez : - comprendre les concepts théoriques de l'intelligence artificielle et de l'apprentissage machine. - savoir comment l'intelligence artificielle de base et les outils d'apprentissage machine sont utilisés dans la pratique. - savoir mettre en œuvre des algorithmes de base et former de petits réseaux pour des problèmes pratiques. - être capable d'identifier et d'utiliser l'intelligence artificielle pertinente et les outils d'apprentissage machine dans la recherche. - savoir mettre en œuvre et déployer des algorithmes d'intelligence artificielle et d'apprentissage machine sur Google Cloud.","GBP 1360: Ce montant comprend: - Tous les frais de scolarité, y compris les conférences, séminaires et tutoriels. - Évaluation, transcription des performances académiques et certificat. - Accès à la plate-forme d'apprentissage à distance des programmes d'été de la LMH. - Soutien du coordonnateur dédié de l'apprentissage à distance.",,"7.5 Les programmes d'été EC LMH sont conçus pour être éligibles au crédit, et nous recommandons l'attribution de 7.5 ECTS / 4 US / 15 CATS pour ce cours."
Apprentissage profond,"Amsterdam, Pays-Bas",Tinbergen Institute & Business Data Science Summer School,15 juillet 2024 - 19 juillet 2024,changements climatiques,1 semaine,3 CE,1000 EUR,17 juin 2024,"Eran Raviv est titulaire d'un doctorat en économétrie de l'Université Erasmus de Rotterdam, d'un master en statistique appliquée de l'Université de Tel-Aviv et d'un deuxième master en finance quantitative de l'Université Erasmus de Rotterdam.","Niveau Le cours d'été accueille des étudiants de maîtrise et de doctorat, des diplômés, des professionnels de l'économie et des domaines connexes, qui s'intéressent à l'apprentissage profond. Le niveau est introductif, destiné aux participants qui souhaitent se familiariser avec le sujet, et acquérir une bonne base pour aborder les applications de potentiel d'apprentissage profond.",Les participants qui ont rejoint au moins 80 % de toutes les sessions et remis à l'affectation recevront un certificat de participation indiquant que l'école d'été est équivalente à une charge de travail de 3 ECTS. Notez que c'est à l'étudiant qu'il incombe de faire inscrire ces crédits à leur université.,"EUR 1000: Doctorat et Master Étudiants € 1.000 Les frais de cours couvrent les frais de scolarité, le matériel pédagogique, les déjeuners quotidiens et le café/thé pendant les pauses courtes, l'événement social incluant un dîner et des boissons d'adieu. EUR 2000: Academics (y compris postdocs) et Professionals € 2.000 Les frais de cours couvrent les frais de scolarité, le matériel pédagogique, les déjeuners quotidiens et le café/thé pendant les pauses courtes, l'événement social incluant un dîner et des boissons d'adieu. Les frais de cours ne comprennent pas l'hébergement.",,3 Les participants d'EC qui ont rejoint au moins 80 % de toutes les sessions et remis à l'affectation recevront un certificat de participation indiquant que l'école d'été est équivalente à une charge de travail de 3 ECTS. Notez qu'il est de la responsabilité de l'étudiant de faire inscrire ces crédits à leur université.
4e cours avancé sur l'intelligence artificielle et les neurosciences - ACAIN 2024,"Toscane, Italie",Centre interdisciplinaire d'études supérieures,22 septembre 2024 - 25 septembre 2024,changements climatiques,1 semaine,8 CE,580 EUR,23 mai 2024,"Directeurs et chaires: Giuseppe Nicosie, Université de Catane, Italie Panos Pardalos, Université de Floride, États-Unis","Le 4e cours et colloque avancé sur l'intelligence artificielle et les neurosciences (ACAIN) est un cours et un colloque de cinq jours à l'hôtel Riva del Sole Resort & SPA, Castiglione della Pescaia (Grosseto), en Toscane, en Italie sur les avancées de pointe dans l'intelligence artificielle et les neurosciences avec des conférences données par des experts de renommée mondiale. Le cours offre un environnement stimulant pour les universitaires, les chercheurs en début de carrière, les post-doctorants, les doctorants et les leaders de l'industrie.",Le candidat peut soumettre un résumé (max. 2 pages; n'importe quel format) pour la présentation. Les directeurs de cours et le comité scientifique examineront les résumés et recommanderont un bref exposé. Date limite de soumission des résumés : 23 mai Notification résumée : 10 juillet 2024 Site de soumission : EasyChair,"EUR 580: Frais d'inscription anticipé (d'ici le 23 mai 2024): € 580 Les frais d'inscription couvrent: tous les cours, conférences plénières, présentations orales, didacticiels, sessions spéciales/ateliers, toutes les activités scientifiques, TVA, publication dans les actes de Springer LNCS, et la participation à la 10e Conférence internationale sur l'apprentissage automatique, l'optimisation et la science des données – LOD 2024. EUR 630: Frais d'inscription tardifs (à partir du 24 mai 2024): € 630 Les frais d'inscription couvrent: tous les cours, conférences plénières, présentations orales, didacticiels, sessions spéciales/ateliers, toutes les activités scientifiques, TVA, publication dans les actes de Springer LNCS, et la participation à la 10e Conférence internationale sur l'apprentissage automatique, l'optimisation et la science des données – LOD 2024.",Pas de bourses,"8 EC L'événement comprendra un total de 36 à 40 heures de conférences, ce qui équivaut à 8 points ECTS pour les doctorants et les maîtres étudiants participant à l'événement."
Extraction de texte,"St. Gallen, Suisse",GSERM - École mondiale des méthodes de recherche empirique,10 juin 2024-14 juin 2024,changements climatiques,1 semaine,4 CE,CHF 1100.00,30 avril 2024,Edward Kwartler,Doctorat postdoctoral professionnel,,CHF 1100: Doctorat CHF 2000: Postdoc.,,
Comprendre l'intelligence artificielle et les mégadonnées,"Paris-Cachan, France",Avaincity Artificial Intelligence & Big Data International Summer School,1er juillet 2024-12 juillet 2024,changements climatiques,2 semaines,,1 500 EUR,15 juin 2024,Doréide Ammar,Ce programme est ouvert aux élèves et aux élèves des écoles secondaires - Aucun préalable n'est requis pour prendre ce programme. Il est conçu pour les élèves qui n'ont pas de connaissances avancées dans le domaine de la technologie et de l'intelligence artificielle.,Offrir aux étudiants internationaux une expérience unique dans le domaine de l'IA et des données? Les étudiants découvriront l'aspect technique de l'IA mais aussi son imitation pour l'entreprise et la gestion mais aussi pour les personnes et la sociétéY,"1500 EUR: Ces frais comprennent les cours et les visites d'entreprises 3200 EUR: Ces frais comprennent les cours, les visites d'entreprises, l'hébergement en résidence (2 ou 3 par appartement), le petit déjeuner et la boîte à lunch, le ramassage et le dépôt à l'aéroport et l'accompagnement des visites guidées est proposé à 3200€",Aucune bourse n'est proposée pour ce programme,Un certificat de cours sera délivré.
Intelligence artificielle avancée et apprentissage de la machine: Vision informatique,"Oxford, Royaume-Uni","Lady Margaret Hall, Université d'Oxford",15 juillet 2024 - 2 août 2024,changements climatiques,3 semaines,7.5 CE,EUR 1360,30 juin 2024,,"Ce cours serait adapté aux étudiants STEM avec une expérience de niveau intermédiaire dans l'intelligence artificielle, l'apprentissage automatique et les concepts et techniques de vision informatique, y compris ceux qui entreprennent, ou se tournent vers l'avenir, l'étude ou la recherche de niveau supérieur. Plus précisément, les étudiants sur ce cours doivent avoir l'expérience des sujets suivants: - Connaissance des bibliothèques d'apprentissage profond. - Compréhension des réseaux neuronaux profonds et convolutionnels. - Forte expérience dans l'optimisation et la probabilité. - Familiarité avec le langage de programmation Python.","À la fin de ce cours, vous pourrez : - comprendre les algorithmes de vision informatique pour la classification, la reconnaissance et la détection, et leur mise en oeuvre dans les bibliothèques d'apprentissage profond. - connaître les différents types de réseau d'adversaires génératifs et leurs contributions distinctes à la synthèse de données contrôlée et à la génération d'images. - être en mesure d'identifier différents modèles de diffusion et d'évaluer leurs avantages dans la modélisation générative. - être en mesure de démontrer la conscience et la compréhension des derniers domaines de recherche clés dans la vision informatique.","EUR 1360: Ce montant comprend: - Tous les frais de scolarité, y compris les conférences, séminaires et tutoriels. - Évaluation, transcription des performances académiques, et certificat. - Accès à la plate-forme d'apprentissage à distance des programmes d'été de la LMH. - Soutien du coordonnateur dédié de l'apprentissage à distance.",,"7.5 Les programmes d'été EC LMH sont conçus pour être éligibles au crédit, et nous recommandons l'attribution de 7.5 ECTS / 4 US / 15 CATS pour ce cours."
Intelligence artificielle et apprentissage de la machine: théorie et pratique,"Oxford, Royaume-Uni","Lady Margaret Hall, Université d'Oxford",5 août 2024 - 23 août 2024,changements climatiques,3 semaines,7.5 CE,3 980 livres sterling,10 mai 2024,,"Ce cours serait adapté aux étudiants STEM dans les études de premier cycle ou de premier niveau de troisième cycle. Connaissance de base de calcul et d'algèbre linéaire est nécessaire, et une certaine expérience de codage est recommandée. Expérience préalable de l'intelligence artificielle, l'apprentissage automatique, ou le langage de programmation Python n'est pas nécessaire.","À la fin de ce cours, vous allez : - comprendre les concepts théoriques de l'intelligence artificielle et de l'apprentissage machine. - savoir comment l'intelligence artificielle de base et les outils d'apprentissage machine sont utilisés dans la pratique. - savoir mettre en œuvre des algorithmes de base et former de petits réseaux pour des problèmes pratiques. - être capable d'identifier et d'utiliser l'intelligence artificielle pertinente et les outils d'apprentissage machine dans la recherche. - savoir mettre en œuvre et déployer des algorithmes d'intelligence artificielle et d'apprentissage machine sur Google Cloud.","GBP 3980: Ce montant comprend: - Tous les frais de scolarité, y compris les conférences, séminaires et didacticiels. - Évaluation, transcription des performances académiques, et certificat. - Un programme co-curriculaire d'ateliers de compétences et de conférenciers invités. - Accès à la bibliothèque du Collège Lady Margaret Hall. - Logements de chambre tout au long de votre programme. - Déjeuner et dîner dans la salle à manger du Collège du lundi au vendredi. - Un programme social et culturel complet, comprenant deux excursions dans d'autres villes anglaises par session de programme de trois semaines. - Une photographie de classe imprimée de haute qualité. - Un banquet officiel de graduation.",,"7.5 Les programmes d'été EC LMH sont conçus pour être éligibles au crédit, et nous recommandons l'attribution de 7.5 ECTS / 4 US / 15 CATS pour ce cours."
École d'été de l'IA et du Big Data,Leipzig (Allemagne),École d'été internationale ScaDs.AI,25 juin 2024-28 juin 2024,changements climatiques,1 semaine,,300 EUR,1er juin 2024,"Prof. Dr. Erhard Rahm Directeur ScaDS Dresden/Leipzig, Universität Leipzig Dr. Eric Peukert Directeur de l'administration ScaDS Dresden/Leipzig, Universität Leipzig","L'école vise les étudiants diplômés, les étudiants de doctorat, les chercheurs ainsi que les praticiens commençant ou étant actifs dans les domaines de l'apprentissage automatique, de l'intelligence artificielle et du Big Data.","Dans le cadre de ce programme, nous offrons des informations inspirantes sur divers domaines de recherche par des conférenciers reconnus à l'échelle internationale et bien connus. Outre quelques points forts de notre centre, nous aurons également des présentations par des collègues du réseau des centres allemands de compétences en intelligence artificielle. En outre, les participants se verront offrir un large éventail d'occasions d'échanges scientifiques - d'activités sociales telles qu'une visite de ville et un dîner dans un restaurant traditionnel à la navigation de dragon ensemble.","300 EUR: Ticket d'Oiseau précoce - Inscription standard: https://pretix.eu/infai/SummerSchool2024/ EUR 80: Ticket — Master Students Ce billet est destiné aux étudiants de Master et permet la participation sans le programme social à l'école internationale d'été 2024 de ScaDS.AI Dresden/Leipzig. Si vous êtes intéressé, envoyez-nous une lettre de motivation et un scan de la carte d'identité de l'étudiant à l'adresse suivante: scads.ai.events@uni-leipzig.de. Inscription: https://pretix.eu/infai/SummerSchool2024/",,
Introduction aux outils et méthodes d'intelligence artificielle,Budapest (Hongrie),Eötvös Loránd Université École d'été,15 juillet 2024-21 juillet 2024,changements climatiques,1 semaine,3 CE,280 EUR,31 mai 2024,"ELTE Faculté d'Infromatique, Département d'Intelligence Artificielle","Nous recommandons ce cours pour ceux qui sont familiers avec les langages de codage de script, l'algèbre linéaire, et les idées de base derrière les statistiques et les probabilités.",Ce cours d'été vise à fournir le premier aperçu de l'Intelligence Artificielle pour les étudiants ayant une formation dans les domaines STEM.,280 EUR: Le prix du cours pour les cours en ligne d'une semaine - qui comprend les frais de scolarité et le matériel pédagogique - est de 280 EUR,Non disponible,"3 EC Le cours offre des points ECTS, qui peuvent être acceptés pour le transfert de crédit par les universités d'origine des participants. Ceux qui souhaitent obtenir ces crédits devraient se renseigner sur le transfert possible à leur établissement d'origine avant leur inscription."
Intelligence artificielle avancée et apprentissage de la machine: traitement du langage naturel,"Oxford, Royaume-Uni","Lady Margaret Hall, Université d'Oxford",15 juillet 2024 - 2 août 2024,changements climatiques,3 semaines,7.5 CE,3 980 livres sterling,10 mai 2024,,"Ce cours s'adapterait aux étudiants STEM ayant une expérience de niveau intermédiaire en intelligence artificielle, en apprentissage automatique et en techniques de traitement du langage naturel, y compris ceux qui entreprennent ou envisagent d'entreprendre des études ou des recherches de niveau supérieur. Plus précisément, les étudiants sur ce cours doivent avoir l'expérience des sujets suivants: - Connaissance des bibliothèques d'apprentissage profond. - Compréhension de l'apprentissage profond, des réseaux neuronaux récurrents, du GRU et des LSTM. - Forte formation en optimisation et probabilité. - Familiarité avec le langage de programmation Python.","D'ici la fin de ce cours, vous pourrez : - être en mesure de démontrer la compréhension des algorithmes et des méthodes utilisés pour traiter les données textuelles. - comprendre la fonctionnalité des grands modèles de langage et leur formation au moyen d'un réglage fin, d'une adaptation de bas rang et d'une adaptation de bas rang quantifiée. - démontrer la compréhension des applications pratiques du traitement du langage naturel. - être en mesure de discuter des limitations potentielles, des biais, des préoccupations éthiques et des abus de NLP.","GBP 3980: Ce montant comprend: - Tous les frais de scolarité, y compris les conférences, séminaires et didacticiels. - Évaluation, transcription des performances académiques, et certificat. - Un programme co-curriculaire d'ateliers de compétences et de conférenciers invités. - Accès à la bibliothèque du Collège Lady Margaret Hall. - Logements de chambre tout au long de votre programme. - Déjeuner et dîner dans la salle à manger du Collège du lundi au vendredi. - Un programme social et culturel complet, comprenant deux excursions dans d'autres villes anglaises par session de programme de trois semaines. - Une photographie de classe imprimée de haute qualité. - Un banquet officiel de graduation.",,"7.5 Les programmes d'été EC LMH sont conçus pour être éligibles au crédit, et nous recommandons l'attribution de 7.5 ECTS / 4 US / 15 CATS pour ce cours."
L'apprentissage automatique pour les entreprises,"Amsterdam, Pays-Bas",Tinbergen Institute & Business Data Science Summer School,22 juillet 2024 - 26 juillet 2024,changements climatiques,1 semaine,3 CE,1000 EUR,24 juin 2024,"Eran Raviv est titulaire d'un doctorat en économétrie à l'Université Erasmus de Rotterdam, d'un master en statistique appliquée (Université de Tel-Aviv) et d'un master en finance quantitative (EUR).","Les étudiants sont censés avoir une solide formation en calcul, algèbre linéaire et statistiques classiques. Bonne connaissance des langues open source telles que R ou Python est un must. Conditions d'admission Les étudiants sont censés avoir une solide formation en calcul, algèbre linéaire et statistiques classiques. Bonne connaissance des langues open source telles que R ou Python est un must.","Le cours vise à réduire au minimum l'écart entre la théorie statistique moderne et l'application pratique dans les milieux d'affaires, où de nombreux outils statistiques sont sous-utilisés.",1000 EUR: doctorants et étudiants de master € 1.000 EUR 2000: universitaires (y compris postdocs) et professionnels € 2.000,,3 Les participants d'EC qui ont rejoint au moins 80 % de toutes les sessions et remis à l'affectation recevront un certificat de participation indiquant que l'école d'été est équivalente à une charge de travail de 3 ECTS. Notez qu'il est de la responsabilité de l'étudiant de faire inscrire ces crédits à leur université.
Intelligence artificielle et apprentissage de la machine: théorie et pratique,"Oxford, Royaume-Uni","Lady Margaret Hall, Université d'Oxford",5 août 2024 - 23 août 2024,changements climatiques,3 semaines,7.5 CE,1 360 livres sterling,10 juillet 2024,,"Ce cours serait adapté aux étudiants STEM dans les études de premier cycle ou de premier niveau de troisième cycle. Connaissance de base de calcul et d'algèbre linéaire est nécessaire, et une certaine expérience de codage est recommandée. Expérience préalable de l'intelligence artificielle, l'apprentissage automatique, ou le langage de programmation Python n'est pas nécessaire.","À la fin de ce cours, vous allez : - comprendre les concepts théoriques de l'intelligence artificielle et de l'apprentissage machine. - savoir comment l'intelligence artificielle de base et les outils d'apprentissage machine sont utilisés dans la pratique. - savoir mettre en œuvre des algorithmes de base et former de petits réseaux pour des problèmes pratiques. - être capable d'identifier et d'utiliser l'intelligence artificielle pertinente et les outils d'apprentissage machine dans la recherche. - savoir mettre en œuvre et déployer des algorithmes d'intelligence artificielle et d'apprentissage machine sur Google Cloud.","GBP 1360: Ce montant comprend: - Tous les frais de scolarité, y compris les conférences, séminaires et tutoriels. - Évaluation, transcription des performances académiques et certificat. - Accès à la plate-forme d'apprentissage à distance des programmes d'été de la LMH. - Soutien du coordonnateur dédié de l'apprentissage à distance.",,"7.5 Les programmes d'été EC LMH sont conçus pour être éligibles au crédit, et nous recommandons l'attribution de 7.5 ECTS / 4 US / 15 CATS pour ce cours."
Intelligence artificielle: De l'apprentissage profond à l'analyse des données,"Udine, Italie",AI-DLDA: École internationale d'été sur l'intelligence artificielle,1er juillet 2024-5 juillet 2024,changements climatiques,1 semaine,3 CE,400 EUR,24 juin 2024,"DIRECTEURS SCOLAIRES Gian Luca Foresti, Università di Udine (IT) Christian Micheloni, Università di Udine (IT) Rita Cucchiara, Università di Modena e Reggio Emilia (IT)","Les étudiants de maîtrise, les étudiants de doctorat, les chercheurs et les praticiens de l'industrie seront les profils idéaux des participants. Cependant, il n'y a pas de prérequis formels pour la participation en termes de diplômes académiques. Tous les participants sélectionnés bénéficieront d'une interaction directe avec les leaders mondiaux de l'IA.","L'IA-DLDA s'adresse aux jeunes chercheurs, aux étudiants en doctorat et aux praticiens de l'industrie dans le but d'offrir une mise à jour sur les plus récentes avancées dans le domaine de l'intelligence artificielle, de l'apprentissage profond à l'analyse des données. En participant à la classe sur place, vous aurez plus d'opportunités que de suivre les cours en ligne : - Établir une relation directe avec des universitaires européens éminents, ayant la possibilité d'interagir avec des professeurs et des conférenciers tant en classe qu'au cours de pauses-café ou de rencontres conviviales. - Rencontrez des étudiants en doctorat, des universitaires et des chercheurs d'autres pays et partagez études, expériences et points de vue. - Réseau avec des PDG, des CFO et des praticiens de l'industrie du domaine de l'IA afin de créer des partenariats pour de futures collaborations.","400 EUR: ÉTUDE ONSITE EARLY BIRD (jusqu'au 30 avril) - 350,00 € ÉTUDE ONSITE - 400,00 € ÉTUDE ONLINE - 350,00 € EUR : PARTICIPANTS D'ENTREPRISE (PROFESSIONNELS, LIBRE LANCE. ETC) s'il vous plaît nous écrire un email à aidlda@ditedi.it pour plus de détails","DÉLAI DE DEMANDE: Maj 20e à 11h Ce qui est nécessaire pour la demande de bourse: CV, certificat de participation, résumé de recherche de projet d'IA, prépaiement des frais. Si vous êtes sélectionné, vous serez remboursé des frais + avoir un logement gratuit à Udine",3 EC Les universités italiennes reconnaissent 3 UFC. Les universités étrangères reconnaissent un certain nombre de crédits à la discrétion du Chancelier.
Intelligence artificielle avancée et apprentissage automatique : apprentissage profond sans supervision,"Oxford, Royaume-Uni","Lady Margaret Hall, Université d'Oxford",5 août 2024 - 23 août 2024,changements climatiques,3 semaines,7.5 CE,1 360 livres sterling,10 juillet 2024,,"Ce cours s'adapterait aux étudiants STEM ayant une expérience de niveau intermédiaire en intelligence artificielle et en concepts et techniques d'apprentissage automatique, y compris ceux qui entreprennent ou envisagent d'entreprendre des études ou des recherches de niveau supérieur. Plus précisément, les étudiants sur ce cours doivent avoir l'expérience des sujets suivants: - Connaissance des bibliothèques d'apprentissage profond. - Compréhension de l'apprentissage profond, des réseaux neuronaux récurrents et des réseaux neuronaux convolutionnels. - Forts antécédents en optimisation et probabilité. - Familiarité avec le langage de programmation Python.","À la fin de ce cours, vous pourrez : - comprendre les différences entre l'apprentissage supervisé et non supervisé et les fondamentaux du cluster. - être en mesure d'utiliser une gamme d'algorithmes et de techniques pour l'apprentissage non supervisé, auto-supervisé et semi-supervisé. - être en mesure d'évaluer l'efficacité des applications du monde réel de l'apprentissage profondément non supervisé dans différents domaines. - être en mesure de démontrer la familiarité avec l'état actuel de la recherche sur l'apprentissage profondément non supervisé.","GBP 1360: Ce montant comprend: - Tous les frais de scolarité, y compris les conférences, séminaires et tutoriels. - Évaluation, transcription des performances académiques et certificat. - Accès à la plate-forme d'apprentissage à distance des programmes d'été de la LMH. - Soutien du coordonnateur dédié de l'apprentissage à distance.",,"7.5 Les programmes d'été EC LMH sont conçus pour être éligibles au crédit, et nous recommandons l'attribution de 7.5 ECTS / 4 US / 15 CATS pour ce cours."
Intelligence artificielle avancée et apprentissage automatique : apprentissage profond sans supervision,"Oxford, Royaume-Uni","Lady Margaret Hall, Université d'Oxford",5 août 2024 - 23 août 2024,changements climatiques,3 semaines,7.5 CE,3 980 livres sterling,10 mai 2024,,"Ce cours s'adapterait aux étudiants STEM ayant une expérience de niveau intermédiaire en intelligence artificielle et en concepts et techniques d'apprentissage automatique, y compris ceux qui entreprennent ou envisagent d'entreprendre des études ou des recherches de niveau supérieur. Plus précisément, les étudiants sur ce cours doivent avoir l'expérience des sujets suivants: - Connaissance des bibliothèques d'apprentissage profond. - Compréhension de l'apprentissage profond, des réseaux neuronaux récurrents et des réseaux neuronaux convolutionnels. - Forts antécédents en optimisation et probabilité. - Familiarité avec le langage de programmation Python.","À la fin de ce cours, vous pourrez : - comprendre les différences entre l'apprentissage supervisé et non supervisé et les fondamentaux du cluster. - être en mesure d'utiliser une gamme d'algorithmes et de techniques pour l'apprentissage non supervisé, auto-supervisé et semi-supervisé. - être en mesure d'évaluer l'efficacité des applications du monde réel de l'apprentissage profondément non supervisé dans différents domaines. - être en mesure de démontrer la familiarité avec l'état actuel de la recherche sur l'apprentissage profondément non supervisé.","GBP 3980: Ce montant comprend: - Tous les frais de scolarité, y compris les conférences, séminaires et didacticiels. - Évaluation, transcription des performances académiques, et certificat. - Un programme co-curriculaire d'ateliers de compétences et de conférenciers invités. - Accès à la bibliothèque du Collège Lady Margaret Hall. - Logements de chambre tout au long de votre programme. - Déjeuner et dîner dans la salle à manger du Collège du lundi au vendredi. - Un programme social et culturel complet, comprenant deux excursions dans d'autres villes anglaises par session de programme de trois semaines. - Une photographie de classe imprimée de haute qualité. - Un banquet officiel de graduation.",,"7.5 Les programmes d'été EC LMH sont conçus pour être éligibles au crédit, et nous recommandons l'attribution de 7.5 ECTS / 4 US / 15 CATS pour ce cours."
Conception conduite par l'IA : des fondations à l'innovation éthique,Madrid (Espagne),École internationale d'été UPM,1er juillet 2024-5 juillet 2024,changements climatiques,1 semaine,3 CE,525 EUR,19 avril 2024,Pablo Bris & Alberto Díez,"- Les passionnés de design : Les étudiants ayant une formation ou un intérêt dans le design, y compris, mais non exclusivement, le design graphique, le design industriel, l'expérience utilisateur (UX) et d'autres disciplines créatives - Les passionnés de technologie et d'IA : Les personnes qui ont une curiosité pour l'IA et ses applications dans divers domaines, qui veulent explorer comment -AI peut améliorer et transformer les pratiques de design Les étudiants des arts et des humanités : Les personnes qui étudient ou s'intéressent aux arts, aux humanités et aux domaines connexes, cherchant à combler le fossé entre la créativité et la technologie grâce aux applications d'IA dans le design",Ce cours vise à doter les étudiants d'outils pratiques et théoriques pour exceller dans l'espace dynamique où le design et la technologie convergent.,EUR 525: Frais de scolarité,Les étudiants qui s'inscrivent avant le 29 février 2024 recevront un tarif réduit.,
"Qu'est-ce que le Buzz? Société, médias sociaux et intelligence artificielle en Europe aujourd'hui","Tübingen, Allemagne",Tübingen-International & European Studies (T-IES),31 mai 2024-28 juin 2024,changements climatiques,4 semaines,8 CE,EUR 1950,30 avril 2024,Les cours sont enseignés par la faculté de l'Université de Tübingen et des experts dédiés à l'étude de l'Europe.,"Les cours sont conçus pour les étudiants de premier cycle de toutes les disciplines académiques avec un fort intérêt général pour les cultures, l'Europe et l'Allemagne en particulier. Une très bonne maîtrise de l'anglais et la volonté de participer activement pendant les activités de cours sont nécessaires.","En se familiarisant avec le fonctionnement de l'UE aujourd'hui et les défis récents auxquels elle est confrontée, les étudiants auront à la fin du cours des connaissances solides sur le processus, les avantages potentiels et les pièges de l'intégration régionale qu'ils peuvent non seulement s'appliquer à l'Europe seule, mais aussi à d'autres régions du monde. Ils seront en mesure d'identifier et de comprendre la dynamique de l'élaboration des politiques transnationales et la manière dont la coordination des activités politiques entre les États-nations influe généralement sur la vie des citoyens dans de nombreux pays en même temps.","EUR 1950: Le prix comprend - Tous les cours - Matériel du cours - Voyages d'études - Hébergement à Tübingen - Activités culturelles et sociales - Un billet de transport en commun pour l'utilisation à Tübingen - Réception d'accueil et d'adieu EUR 1800: Pour les étudiants inscrits dans une université partenaire de l'Université de Tübingen, le prix du programme sera de € 1.800.",,"8 EC Après l'achèvement de tous les cours et l'accomplissement de toutes les exigences des cours, 8 crédits ECTS seront attribués pour la participation à l'école d'été (cours thématiques: 6 crédits ECTS; cours de langue allemande et atelier interculturel: 2 crédits ECTS). L'Université de Tübingen applique le système européen de transfert et d'accumulation de crédits (ECTS). L'ECTS est un système de reconnaissance internationale des acquis académiques et de transfert de crédits d'études. Ainsi, les résultats d'études et d'examen obtenus au cours d'une étude à l'étranger peuvent être reconnus par l'université d'origine. À l'Université de Tübingen 1 ECTS équivaut à une charge de travail de 30 heures. La charge de travail comprend une présence régulière et une participation active aux cours, études privées et indépendantes, préparation de projets et d'examens (test écrit, présentation orale, essai)."
Technologie de la parole,"Leeuwarden, Pays-Bas",Écoles d'été de l'Université de Groningen,3 juin 2024 - 7 juin 2024,changements climatiques,1 semaine,,,15 avril 2024,Matt Coler,"Ce programme est conçu pour toute personne intéressée par le sujet. Il s'agit d'une école d'été de niveau d'entrée pour tous. Aucune connaissance préalable n'est requise. Nous prédisons que les étudiants de certaines disciplines peuvent être particulièrement intéressés. Par ordre de pertinence : Études de technologie émergente et d'innovation : Ceux qui participent à des domaines plus vastes de la technologie émergente, des études d'innovation ou des études scientifiques et technologiques trouveront le cours axé sur les implications futures et les considérations éthiques de la technologie de la parole particulièrement pertinentes.Interaction homme-ordinateur (HCI) et expérience utilisateur responsable (UX) Conception : Les étudiants et les professionnels des programmes de HCI et de UX Design pourront explorer comment les interfaces de la parole peuvent améliorer l'expérience utilisateur et l'accessibilité dans la conception technologique.Le cours fournit des exemples pratiques de principes de conception centrés sur l'utilisateur dans les applications de la technologie de la parole.","Après cette école d'été, vous pourrez : - expliquer les principes fondamentaux de la technologie de la parole : énoncer clairement les principes, les mécanismes et les progrès potentiels dans les systèmes de reconnaissance et de synthèse de la parole. - intégrer la conception éthique et axée sur l'humain dans la technologie de la parole : évaluer et intégrer les considérations éthiques et les approches de conception centrées sur l'humain dans le développement et l'évaluation des applications de la technologie de la parole, en assurant l'inclusivité et l'équité. - mener des projets de futurance et de planification de scénarios pour la technologie de la parole : employer des méthodes de futurance et de planification de scénarios spécialement adaptées à la technologie de la parole, vous permettant d'anticiper, de discuter et de vous préparer à divers développements et défis futurs dans le domaine. - appliquer la résolution de problèmes dans la conception de la technologie : démontrer la capacité de relever de façon créative les défis de la conception de la technologie, en particulier en intégrant la technologie de la parole dans diverses applications, par l'idée, le prototypage et l'évaluation critique.",0 EUR: tba,,TBA
Intelligence artificielle avancée et apprentissage automatique: Apprentissage du renforcement,"Oxford, Royaume-Uni","Lady Margaret Hall, Université d'Oxford",24 juin 2024-12 juillet 2024,changements climatiques,3 semaines,7.5 CE,3 980 livres sterling,10 mai 2024,,"Ce cours s'adapterait aux étudiants STEM ayant une expérience de niveau intermédiaire en intelligence artificielle et en concepts et techniques d'apprentissage automatique, y compris ceux qui entreprennent ou envisagent d'entreprendre des études ou des recherches de niveau supérieur. Plus précisément, les étudiants sur ce cours doivent avoir l'expérience des sujets suivants: - Connaissance des bibliothèques d'apprentissage profond. - Compréhension de l'apprentissage profond, des réseaux neuronaux et de la programmation dynamique de base. - Forte formation en optimisation et probabilité. - Familiarité avec le langage de programmation Python.","D'ici la fin de ce cours, vous pourrez : - comprendre les fondamentaux de l'apprentissage de renforcement, y compris les agents, les environnements et les récompenses. - être en mesure d'évaluer et d'utiliser une gamme d'approches d'apprentissage de renforcement. - être en mesure d'évaluer l'efficacité d'une gamme de méthodes d'apprentissage de renforcement. - comprendre différentes stratégies pour la formation de plusieurs agents, à la fois décentralisés et centralisés.","GBP 3980: Ce montant comprend: - Tous les frais de scolarité, y compris les conférences, séminaires et didacticiels. - Évaluation, transcription des performances académiques, et certificat. - Un programme co-curriculaire d'ateliers de compétences et de conférenciers invités. - Accès à la bibliothèque du Collège Lady Margaret Hall. - Logements de chambre tout au long de votre programme. - Déjeuner et dîner dans la salle à manger du Collège du lundi au vendredi. - Un programme social et culturel complet, comprenant deux excursions dans d'autres villes anglaises par session de programme de trois semaines. - Une photographie de classe imprimée de haute qualité. - Un banquet officiel de graduation.",,"7.5 Les programmes d'été EC LMH sont conçus pour être éligibles au crédit, et nous recommandons l'attribution de 7.5 ECTS / 4 US / 15 CATS pour ce cours."
Intelligence artificielle avancée et apprentissage de la machine: Vision informatique,"Oxford, Royaume-Uni","Lady Margaret Hall, Université d'Oxford",15 juillet 2024 - 2 août 2024,changements climatiques,3 semaines,7.5 CE,3 980 livres sterling,10 mai 2024,,"Ce cours serait adapté aux étudiants STEM avec une expérience de niveau intermédiaire dans l'intelligence artificielle, l'apprentissage automatique et les concepts et techniques de vision informatique, y compris ceux qui entreprennent, ou se tournent vers l'avenir, l'étude ou la recherche de niveau supérieur. Plus précisément, les étudiants sur ce cours doivent avoir l'expérience des sujets suivants: - Connaissance des bibliothèques d'apprentissage profond. - Compréhension des réseaux neuronaux profonds et convolutionnels. - Forte expérience dans l'optimisation et la probabilité. - Familiarité avec le langage de programmation Python.","À la fin de ce cours, vous pourrez : - comprendre les algorithmes de vision informatique pour la classification, la reconnaissance et la détection, et leur mise en oeuvre dans les bibliothèques d'apprentissage profond. - connaître les différents types de réseau d'adversaires génératifs et leurs contributions distinctes à la synthèse de données contrôlée et à la génération d'images. - être en mesure d'identifier différents modèles de diffusion et d'évaluer leurs avantages dans la modélisation générative. - être en mesure de démontrer la conscience et la compréhension des derniers domaines de recherche clés dans la vision informatique.","GBP 3980: Ce montant comprend: - Tous les frais de scolarité, y compris les conférences, séminaires et didacticiels. - Évaluation, transcription des performances académiques, et certificat. - Un programme co-curriculaire d'ateliers de compétences et de conférenciers invités. - Accès à la bibliothèque du Collège Lady Margaret Hall. - Logements de chambre tout au long de votre programme. - Déjeuner et dîner dans la salle à manger du Collège du lundi au vendredi. - Un programme social et culturel complet, comprenant deux excursions dans d'autres villes anglaises par session de programme de trois semaines. - Une photographie de classe imprimée de haute qualité. - Un banquet officiel de graduation.",,"7.5 Les programmes d'été EC LMH sont conçus pour être éligibles au crédit, et nous recommandons l'attribution de 7.5 ECTS / 4 US / 15 CATS pour ce cours."
L'apprentissage automatique et les statistiques avancées,Madrid (Espagne),Madrid UPM Machine Learning and Advanced Statistics École d'été,17 juin 2024-28 juin 2024,changements climatiques,2 semaines,,300 EUR,14 juin 2024,Pedro Larrañaga,"doctorants, chercheurs, praticiens de l'apprentissage automatique.",,300 EUR: Les frais académiques par cours sont de 300 euros. Un étudiant peut s'inscrire jusqu'à 6 cours.,,
Intelligence artificielle avancée et apprentissage automatique: Apprentissage du renforcement,"Oxford, Royaume-Uni","Lady Margaret Hall, Université d'Oxford",24 juin 2024-12 juillet 2024,changements climatiques,3 semaines,7.5 CE,1 360 livres sterling,10 juin 2024,,"Ce cours s'adapterait aux étudiants STEM ayant une expérience de niveau intermédiaire en intelligence artificielle et en concepts et techniques d'apprentissage automatique, y compris ceux qui entreprennent ou envisagent d'entreprendre des études ou des recherches de niveau supérieur. Plus précisément, les étudiants sur ce cours doivent avoir l'expérience des sujets suivants: - Connaissance des bibliothèques d'apprentissage profond. - Compréhension de l'apprentissage profond, des réseaux neuronaux et de la programmation dynamique de base. - Forte formation en optimisation et probabilité. - Familiarité avec le langage de programmation Python.","D'ici la fin de ce cours, vous pourrez : - comprendre les fondamentaux de l'apprentissage de renforcement, y compris les agents, les environnements et les récompenses. - être en mesure d'évaluer et d'utiliser une gamme d'approches d'apprentissage de renforcement. - être en mesure d'évaluer l'efficacité d'une gamme de méthodes d'apprentissage de renforcement. - comprendre différentes stratégies pour la formation de plusieurs agents, à la fois décentralisés et centralisés.","GBP 1360: Ce montant comprend: - Tous les frais de scolarité, y compris les conférences, séminaires et tutoriels. - Évaluation, transcription des performances académiques et certificat. - Accès à la plate-forme d'apprentissage à distance des programmes d'été de la LMH. - Soutien du coordonnateur dédié de l'apprentissage à distance.",,"7.5 Les programmes d'été EC LMH sont conçus pour être éligibles au crédit, et nous recommandons l'attribution de 7.5 ECTS / 4 US / 15 CATS pour ce cours."
"L'IA generative pour l'écriture, la recherche, l'analyse et le prototypage","Tallinn, Estonie",École d'été de Tallinn,15 juillet 2024 - 18 juillet 2024,changements climatiques,1 semaine,2 CE,350 EUR,15 juin 2024,"Andres Karjus, Ph.D. : chercheur chargé de l'analyse des données culturelles à l'université de Tallinn, chercheur principal à l'école estonienne de commerce, instructeur de compétences numériques et consultant dans le secteur privé.","Le groupe cible est toute personne cherchant à automatiser et augmenter ses processus de recherche, d'écriture ou de développement de produits, en particulier en utilisant l'intelligence artificielle et d'autres outils axés sur l'apprentissage automatique. Le cours est limité à 10-25 participants pour favoriser une approche personnalisée.",,"Les frais de cours ne comprennent pas les abonnements aux versions payantes des applications AI (en option) ou les allocations d'utilisation de l'API. L'hébergement, le programme culturel et les repas ne sont pas inclus dans le prix. 400 EUR : Les frais de cours réguliers après le 31 mars 2024. NB! Les frais de cours ne comprennent pas les abonnements aux versions payantes des applications AI (en option) ou les allocations d'utilisation de l'API. L'hébergement, le programme culturel et les repas ne sont pas inclus dans le prix.",,
"Les défis de l'intelligence artificielle, n° 2",Paris (France),Université d'été de Sorbonne,15 juillet 2024 - 19 juillet 2024,Français,1 semaine,,EUR 425,18 juin 2024,Sorbonne Summer University Adresse électronique : lettres-ftlv-universite-ete@sorbonne-universite.fr,"Etudiants, touristes ou parisiens curieux! (Un bon niveau de français est requis : B1)","Découvrez les débats en cours dans divers domaines scientifiques, tout en plongeant dans la civilisation française et en étant enseigné par des professeurs de la célèbre Université de Sorbonne.",425 EUR: Inscription avant le 30 avril 500 EUR: Prix complet,Aucune,Un certificat de cours sera délivré.
Intelligence artificielle,Londres (Royaume-Uni),"Université Paris Dauphine - PSL, campus de Londres, Écoles d'été",1er juillet 2024-19 juillet 2024,changements climatiques,3 semaines,,GBP 1900,26 juin 2024,Jason Lermyte,"Aucune connaissance préalable de l'IA n'est requise, mais les étudiants doivent avoir terminé leur première année d'études de premier cycle.","Notre programme de 3 semaines vise à vous enseigner les fondamentaux de l'intelligence artificielle, y compris l'histoire de l'IA, les acteurs clés dans le domaine, et les réalisations significatives. Vous explorerez également le rôle des données dans l'IA, couvrant la gestion des données et les considérations éthiques.",GBP 1900: Faites votre demande avant le 31 mars 2024 pour bénéficier d'une réduction de 15%.,Nous offrons des bourses en fonction des besoins et du mérite scolaire aux étudiants admissibles.,
Intelligence artificielle et cybersécurité,Turku (Finlande),École d'été Turku Åbo,5 juin 2024-31 août 2024,changements climatiques,13 semaines,2 CE,,14 avril 2024,Université de Turku,Toute personne intéressée par l'IA et la cybersécurité.,Acquis d'apprentissage - Reconnaître les forces et les faiblesses des solutions d'IA populaires du point de vue de la cybersécurité - Apprendre à se préparer aux échecs de l'IA - Notions de base sur la façon dont l'IA peut être utilisée pour améliorer la cybersécurité - Détecter et traiter les questions éthiques liées à l'IA et à l'utilisation de l'IA,0 EUR: Cours gratuit en ligne.,,
Mathématiques appliquées,"Utrecht, Pays-Bas",École d'été d'Utrecht,12 août 2024 - 16 août 2024,changements climatiques,1 semaine,"1,5 CE",100 EUR,23 juin 2024,"Dr Ivan Kryven, Dr Palina Salanevich, Wilfred de Graaf MSc","L'objectif de l'école d'été est d'exposer les étudiants aux sujets de recherche de pointe en mathématiques appliquées modernes et de leur fournir un aperçu de la recherche faite à l'Institut mathématique de l'Université d'Utrecht. Pendant les mini-cours, les participants auront également l'occasion d'interagir les uns avec les autres et d'appliquer les connaissances nouvellement acquises au cours des séances d'exercices. L'expérience d'apprentissage sera complétée par un programme social.","L'objectif de l'école d'été est d'exposer les étudiants aux sujets de recherche de pointe en mathématiques appliquées modernes et de leur fournir un aperçu de la recherche faite à l'Institut mathématique de l'Université d'Utrecht. Pendant les mini-cours, les participants auront également l'occasion d'interagir les uns avec les autres et d'appliquer les connaissances nouvellement acquises au cours des séances d'exercices. L'expérience d'apprentissage sera complétée par un programme social.",100 EUR: frais de cours 200 EUR: frais de logement,"Il n'y a pas de subventions de voyage, de frais de logement ou d'exemptions de frais disponibles. Les frais comprennent un déjeuner social et un dîner. Puisque le nombre de places dans l'école d'été est limité, nous sélectionnerons les participants sur la base du premier arrivé, premier servi,",